id;subject_name;description;created_at;active
1;Nigeria Sleek;Greens Public-key;2021-09-11T02:24:19;false
2;Plastic Bhutan;Account Secured Awesome;2021-09-11T03:50:18;false
3;Mozambique Delaware Unbranded;Account;2021-09-10T16:54:10;false
4;Indiana Plastic application;Global Program Division;2021-09-11T03:58:21;true
5;Infrastructure Developer;compressing connecting;2021-09-10T18:30:20;false
6;proactive;application Small neural;2021-09-11T10:41:37;false
7;yellow users;Baby Creative Toys;2021-09-11T07:47:53;false
8;discrete Sleek Lake;black incentivize;2021-09-10T17:07:36;false
9;niches;Berkshire Investment;2021-09-10T19:52:27;false
10;Pants;parse compress;2021-09-10T17:21:18;false
